Name,Value,Byte Offset,Type
uf_remappedVS,,0,int4[48]
uf_remappedVS[0],"1149368858, 1065353216, 1065353216, 1067420621",0,int4
uf_remappedVS[1],"1060982145, 1187205120, 1183870257, 1187204741",16,int4
uf_remappedVS[2],"1052973424, 0, 1064087426, 1145844460",32,int4
uf_remappedVS[3],"0, 1065353216, 0, 1122398934",48,int4
uf_remappedVS[4],"-1083396222, 0, 1052973424, 1146171728",64,int4
uf_remappedVS[5],"0, 1065353216, 1065353216, 1065353216",80,int4
uf_remappedVS[6],"0, 0, 0, 0",96,int4
uf_remappedVS[7],"1065353216, 1065353216, 1065353216, 0",112,int4
uf_remappedVS[8],"1066192077, 1066192077, 1066192077, 1065353216",128,int4
uf_remappedVS[9],"1065353216, 0, 0, 0",144,int4
uf_remappedVS[10],"1065353216, 1065353214, 1065353216, 1065353214",160,int4
uf_remappedVS[11],"0, -1082130432, 0, 0",176,int4
uf_remappedVS[12],"0, -1119040307, 1056964608, 0",192,int4
uf_remappedVS[13],"1106247680, 1114636288, 1114636288, 1120403456",208,int4
uf_remappedVS[14],"1052973422, 0, 1064087424, 1145844460",224,int4
uf_remappedVS[15],"0, 1065353216, 0, 1122398934",240,int4
uf_remappedVS[16],"-1083396224, 0, 1052973422, 1146171728",256,int4
uf_remappedVS[17],"1038980512, 844787824, 1060719798, -1003511590",272,int4
uf_remappedVS[18],"-1095075759, 1067449858, 1030690239, 1120675448",288,int4
uf_remappedVS[19],"1064465407, 1049684743, -1105498454, -1003940694",304,int4
uf_remappedVS[20],"1064464466, 1049684180, -1105499057, -1003965580",320,int4
uf_remappedVS[21],"1059095048, 1029714847, 1048172260, 1038174126",336,int4
uf_remappedVS[22],"1064421148, 1048738742, 1062690288, 1056964608",352,int4
uf_remappedVS[23],"1059095048, 1029714847, 1048172260, 1063675494",368,int4
uf_remappedVS[24],"1065353216, 1065353216, 1065353216, 0",384,int4
uf_remappedVS[25],"0, 0, 0, 1065353216",400,int4
uf_remappedVS[26],"1039525068, 1015763422, 1041385762, 1038174126",416,int4
uf_remappedVS[27],"1040320543, 1020159562, 1034537148, 1056629064",432,int4
uf_remappedVS[28],"1065353216, 1065353216, 1065353216, 1065353216",448,int4
uf_remappedVS[29],"1073741824, 0, 0, 0",464,int4
uf_remappedVS[30],"1039525068, 1015763422, 1041385762, 1063675494",480,int4
uf_remappedVS[31],"1065353216, 1065353216, 1065353216, 1065353216",496,int4
uf_remappedVS[32],"1065353216, 1065353216, 1065353216, 1065353216",512,int4
uf_remappedVS[33],"1, 512, 0, 0",528,int4
uf_remappedVS[34],"1065353216, 1065353216, 1065353216, 0",544,int4
uf_remappedVS[35],"0, 0, 0, 0",560,int4
uf_remappedVS[36],"973279855, -1174203793, 0, 0",576,int4
uf_remappedVS[37],"1040187392, 1040187392, 0, 0",592,int4
uf_remappedVS[38],"0, 0, 0, 0",608,int4
uf_remappedVS[39],"1065353216, 1065353216, 1065353216, 1065353216",624,int4
uf_remappedVS[40],"-1174203793, -1146890486, 0, 0",640,int4
uf_remappedVS[41],"1048576000, 1048576000, 0, 0",656,int4
uf_remappedVS[42],"0, 0, 0, 0",672,int4
uf_remappedVS[43],"1065353216, 1065353216, 1065353216, 1065353216",688,int4
uf_remappedVS[44],"0, 0, -1124744561, -1130113270",704,int4
uf_remappedVS[45],"1086324736, 1106247680, 1086324736, 1092616192",720,int4
uf_remappedVS[46],"1065353216, 1065353216, 0, 0",736,int4
uf_remappedVS[47],"1025758986, 0, 0, 0",752,int4
