VTX, IDX, in_attr0.x, in_attr0.y, in_attr0.z, in_attr1.x, in_attr1.y, in_attr3.x, in_attr3.y, in_attr3.z, in_attr3.w, in_attr4.x, in_attr4.y, in_attr4.z, in_attr4.w, in_attr5.x, in_attr5.y, in_attr5.z, in_attr5.w, in_attr6.x, in_attr6.y, in_attr6.z, in_attr6.w,
0, 0,  0.49039, -0.50, -0.09754,  0.00,  1.00,  0.00,  0.00,  0.00,  2.68435E+08,  0.00,  0.00,  0.00,  0.00,  2.00,  7.00,  2.00,  1.00,  0.51719,  0.92534,  0.61921,  0.67698
1, 1,  0.46194, -0.50, -0.19134,  0.03137,  1.00,  0.00,  0.00,  0.00,  2.68435E+08,  0.00,  0.00,  0.00,  0.00,  2.00,  7.00,  2.00,  1.00,  0.51719,  0.92534,  0.61921,  0.67698
2, 2,  0.49039,  0.50, -0.09754,  0.00,  0.00,  0.00,  0.00,  0.00,  2.68435E+08,  0.00,  0.00,  0.00,  0.00,  2.00,  7.00,  2.00,  1.00,  0.51719,  0.92534,  0.61921,  0.67698
3, 1,  0.46194, -0.50, -0.19134,  0.03137,  1.00,  0.00,  0.00,  0.00,  2.68435E+08,  0.00,  0.00,  0.00,  0.00,  2.00,  7.00,  2.00,  1.00,  0.51719,  0.92534,  0.61921,  0.67698
4, 3,  0.46194,  0.50, -0.19134,  0.03137,  0.00,  0.00,  0.00,  0.00,  2.68435E+08,  0.00,  0.00,  0.00,  0.00,  2.00,  7.00,  2.00,  1.00,  0.51719,  0.92534,  0.61921,  0.67698
5, 2,  0.49039,  0.50, -0.09754,  0.00,  0.00,  0.00,  0.00,  0.00,  2.68435E+08,  0.00,  0.00,  0.00,  0.00,  2.00,  7.00,  2.00,  1.00,  0.51719,  0.92534,  0.61921,  0.67698
6, 1,  0.46194, -0.50, -0.19134,  0.03137,  1.00,  0.00,  0.00,  0.00,  2.68435E+08,  0.00,  0.00,  0.00,  0.00,  2.00,  7.00,  2.00,  1.00,  0.51719,  0.92534,  0.61921,  0.67698
7, 4,  0.41573, -0.50, -0.27778,  0.06275,  1.00,  0.00,  0.00,  0.00,  2.68435E+08,  0.00,  0.00,  0.00,  0.00,  2.00,  7.00,  2.00,  1.00,  0.51719,  0.92534,  0.61921,  0.67698
8, 3,  0.46194,  0.50, -0.19134,  0.03137,  0.00,  0.00,  0.00,  0.00,  2.68435E+08,  0.00,  0.00,  0.00,  0.00,  2.00,  7.00,  2.00,  1.00,  0.51719,  0.92534,  0.61921,  0.67698
9, 4,  0.41573, -0.50, -0.27778,  0.06275,  1.00,  0.00,  0.00,  0.00,  2.68435E+08,  0.00,  0.00,  0.00,  0.00,  2.00,  7.00,  2.00,  1.00,  0.51719,  0.92534,  0.61921,  0.67698
10, 5,  0.41573,  0.50, -0.27778,  0.06275,  0.00,  0.00,  0.00,  0.00,  2.68435E+08,  0.00,  0.00,  0.00,  0.00,  2.00,  7.00,  2.00,  1.00,  0.51719,  0.92534,  0.61921,  0.67698
11, 3,  0.46194,  0.50, -0.19134,  0.03137,  0.00,  0.00,  0.00,  0.00,  2.68435E+08,  0.00,  0.00,  0.00,  0.00,  2.00,  7.00,  2.00,  1.00,  0.51719,  0.92534,  0.61921,  0.67698
12, 4,  0.41573, -0.50, -0.27778,  0.06275,  1.00,  0.00,  0.00,  0.00,  2.68435E+08,  0.00,  0.00,  0.00,  0.00,  2.00,  7.00,  2.00,  1.00,  0.51719,  0.92534,  0.61921,  0.67698
13, 6,  0.35355, -0.50, -0.35355,  0.09412,  1.00,  0.00,  0.00,  0.00,  2.68435E+08,  0.00,  0.00,  0.00,  0.00,  2.00,  7.00,  2.00,  1.00,  0.51719,  0.92534,  0.61921,  0.67698
14, 5,  0.41573,  0.50, -0.27778,  0.06275,  0.00,  0.00,  0.00,  0.00,  2.68435E+08,  0.00,  0.00,  0.00,  0.00,  2.00,  7.00,  2.00,  1.00,  0.51719,  0.92534,  0.61921,  0.67698
15, 6,  0.35355, -0.50, -0.35355,  0.09412,  1.00,  0.00,  0.00,  0.00,  2.68435E+08,  0.00,  0.00,  0.00,  0.00,  2.00,  7.00,  2.00,  1.00,  0.51719,  0.92534,  0.61921,  0.67698
16, 7,  0.35355,  0.50, -0.35355,  0.09412,  0.00,  0.00,  0.00,  0.00,  2.68435E+08,  0.00,  0.00,  0.00,  0.00,  2.00,  7.00,  2.00,  1.00,  0.51719,  0.92534,  0.61921,  0.67698
17, 5,  0.41573,  0.50, -0.27778,  0.06275,  0.00,  0.00,  0.00,  0.00,  2.68435E+08,  0.00,  0.00,  0.00,  0.00,  2.00,  7.00,  2.00,  1.00,  0.51719,  0.92534,  0.61921,  0.67698
18, 6,  0.35355, -0.50, -0.35355,  0.09412,  1.00,  0.00,  0.00,  0.00,  2.68435E+08,  0.00,  0.00,  0.00,  0.00,  2.00,  7.00,  2.00,  1.00,  0.51719,  0.92534,  0.61921,  0.67698
19, 8,  0.27779, -0.50, -0.41573,  0.12549,  1.00,  0.00,  0.00,  0.00,  2.68435E+08,  0.00,  0.00,  0.00,  0.00,  2.00,  7.00,  2.00,  1.00,  0.51719,  0.92534,  0.61921,  0.67698
20, 7,  0.35355,  0.50, -0.35355,  0.09412,  0.00,  0.00,  0.00,  0.00,  2.68435E+08,  0.00,  0.00,  0.00,  0.00,  2.00,  7.00,  2.00,  1.00,  0.51719,  0.92534,  0.61921,  0.67698
21, 8,  0.27779, -0.50, -0.41573,  0.12549,  1.00,  0.00,  0.00,  0.00,  2.68435E+08,  0.00,  0.00,  0.00,  0.00,  2.00,  7.00,  2.00,  1.00,  0.51719,  0.92534,  0.61921,  0.67698
22, 9,  0.27779,  0.50, -0.41573,  0.12549,  0.00,  0.00,  0.00,  0.00,  2.68435E+08,  0.00,  0.00,  0.00,  0.00,  2.00,  7.00,  2.00,  1.00,  0.51719,  0.92534,  0.61921,  0.67698
23, 7,  0.35355,  0.50, -0.35355,  0.09412,  0.00,  0.00,  0.00,  0.00,  2.68435E+08,  0.00,  0.00,  0.00,  0.00,  2.00,  7.00,  2.00,  1.00,  0.51719,  0.92534,  0.61921,  0.67698
24, 8,  0.27779, -0.50, -0.41573,  0.12549,  1.00,  0.00,  0.00,  0.00,  2.68435E+08,  0.00,  0.00,  0.00,  0.00,  2.00,  7.00,  2.00,  1.00,  0.51719,  0.92534,  0.61921,  0.67698
25, 10,  0.19134, -0.50, -0.46194,  0.15686,  1.00,  0.00,  0.00,  0.00,  2.68435E+08,  0.00,  0.00,  0.00,  0.00,  2.00,  7.00,  2.00,  1.00,  0.51719,  0.92534,  0.61921,  0.67698
26, 9,  0.27779,  0.50, -0.41573,  0.12549,  0.00,  0.00,  0.00,  0.00,  2.68435E+08,  0.00,  0.00,  0.00,  0.00,  2.00,  7.00,  2.00,  1.00,  0.51719,  0.92534,  0.61921,  0.67698
27, 10,  0.19134, -0.50, -0.46194,  0.15686,  1.00,  0.00,  0.00,  0.00,  2.68435E+08,  0.00,  0.00,  0.00,  0.00,  2.00,  7.00,  2.00,  1.00,  0.51719,  0.92534,  0.61921,  0.67698
28, 11,  0.19134,  0.50, -0.46194,  0.15686,  0.00,  0.00,  0.00,  0.00,  2.68435E+08,  0.00,  0.00,  0.00,  0.00,  2.00,  7.00,  2.00,  1.00,  0.51719,  0.92534,  0.61921,  0.67698
29, 9,  0.27779,  0.50, -0.41573,  0.12549,  0.00,  0.00,  0.00,  0.00,  2.68435E+08,  0.00,  0.00,  0.00,  0.00,  2.00,  7.00,  2.00,  1.00,  0.51719,  0.92534,  0.61921,  0.67698
30, 10,  0.19134, -0.50, -0.46194,  0.15686,  1.00,  0.00,  0.00,  0.00,  2.68435E+08,  0.00,  0.00,  0.00,  0.00,  2.00,  7.00,  2.00,  1.00,  0.51719,  0.92534,  0.61921,  0.67698
31, 12,  0.09755, -0.50, -0.49039,  0.18824,  1.00,  0.00,  0.00,  0.00,  2.68435E+08,  0.00,  0.00,  0.00,  0.00,  2.00,  7.00,  2.00,  1.00,  0.51719,  0.92534,  0.61921,  0.67698
32, 11,  0.19134,  0.50, -0.46194,  0.15686,  0.00,  0.00,  0.00,  0.00,  2.68435E+08,  0.00,  0.00,  0.00,  0.00,  2.00,  7.00,  2.00,  1.00,  0.51719,  0.92534,  0.61921,  0.67698
33, 12,  0.09755, -0.50, -0.49039,  0.18824,  1.00,  0.00,  0.00,  0.00,  2.68435E+08,  0.00,  0.00,  0.00,  0.00,  2.00,  7.00,  2.00,  1.00,  0.51719,  0.92534,  0.61921,  0.67698
34, 13,  0.09755,  0.50, -0.49039,  0.18824,  0.00,  0.00,  0.00,  0.00,  2.68435E+08,  0.00,  0.00,  0.00,  0.00,  2.00,  7.00,  2.00,  1.00,  0.51719,  0.92534,  0.61921,  0.67698
35, 11,  0.19134,  0.50, -0.46194,  0.15686,  0.00,  0.00,  0.00,  0.00,  2.68435E+08,  0.00,  0.00,  0.00,  0.00,  2.00,  7.00,  2.00,  1.00,  0.51719,  0.92534,  0.61921,  0.67698
36, 12,  0.09755, -0.50, -0.49039,  0.18824,  1.00,  0.00,  0.00,  0.00,  2.68435E+08,  0.00,  0.00,  0.00,  0.00,  2.00,  7.00,  2.00,  1.00,  0.51719,  0.92534,  0.61921,  0.67698
37, 14,  0.00, -0.50, -0.50,  0.21961,  1.00,  0.00,  0.00,  0.00,  2.68435E+08,  0.00,  0.00,  0.00,  0.00,  2.00,  7.00,  2.00,  1.00,  0.51719,  0.92534,  0.61921,  0.67698
38, 13,  0.09755,  0.50, -0.49039,  0.18824,  0.00,  0.00,  0.00,  0.00,  2.68435E+08,  0.00,  0.00,  0.00,  0.00,  2.00,  7.00,  2.00,  1.00,  0.51719,  0.92534,  0.61921,  0.67698
39, 14,  0.00, -0.50, -0.50,  0.21961,  1.00,  0.00,  0.00,  0.00,  2.68435E+08,  0.00,  0.00,  0.00,  0.00,  2.00,  7.00,  2.00,  1.00,  0.51719,  0.92534,  0.61921,  0.67698
40, 15,  0.00,  0.50, -0.50,  0.21961,  0.00,  0.00,  0.00,  0.00,  2.68435E+08,  0.00,  0.00,  0.00,  0.00,  2.00,  7.00,  2.00,  1.00,  0.51719,  0.92534,  0.61921,  0.67698
41, 13,  0.09755,  0.50, -0.49039,  0.18824,  0.00,  0.00,  0.00,  0.00,  2.68435E+08,  0.00,  0.00,  0.00,  0.00,  2.00,  7.00,  2.00,  1.00,  0.51719,  0.92534,  0.61921,  0.67698
42, 14,  0.00, -0.50, -0.50,  0.21961,  1.00,  0.00,  0.00,  0.00,  2.68435E+08,  0.00,  0.00,  0.00,  0.00,  2.00,  7.00,  2.00,  1.00,  0.51719,  0.92534,  0.61921,  0.67698
43, 16, -0.09754, -0.50, -0.49039,  0.25098,  1.00,  0.00,  0.00,  0.00,  2.68435E+08,  0.00,  0.00,  0.00,  0.00,  2.00,  7.00,  2.00,  1.00,  0.51719,  0.92534,  0.61921,  0.67698
44, 15,  0.00,  0.50, -0.50,  0.21961,  0.00,  0.00,  0.00,  0.00,  2.68435E+08,  0.00,  0.00,  0.00,  0.00,  2.00,  7.00,  2.00,  1.00,  0.51719,  0.92534,  0.61921,  0.67698
45, 16, -0.09754, -0.50, -0.49039,  0.25098,  1.00,  0.00,  0.00,  0.00,  2.68435E+08,  0.00,  0.00,  0.00,  0.00,  2.00,  7.00,  2.00,  1.00,  0.51719,  0.92534,  0.61921,  0.67698
46, 17, -0.09754,  0.50, -0.49039,  0.25098,  0.00,  0.00,  0.00,  0.00,  2.68435E+08,  0.00,  0.00,  0.00,  0.00,  2.00,  7.00,  2.00,  1.00,  0.51719,  0.92534,  0.61921,  0.67698
47, 15,  0.00,  0.50, -0.50,  0.21961,  0.00,  0.00,  0.00,  0.00,  2.68435E+08,  0.00,  0.00,  0.00,  0.00,  2.00,  7.00,  2.00,  1.00,  0.51719,  0.92534,  0.61921,  0.67698
48, 16, -0.09754, -0.50, -0.49039,  0.25098,  1.00,  0.00,  0.00,  0.00,  2.68435E+08,  0.00,  0.00,  0.00,  0.00,  2.00,  7.00,  2.00,  1.00,  0.51719,  0.92534,  0.61921,  0.67698
49, 18, -0.19134, -0.50, -0.46194,  0.28235,  1.00,  0.00,  0.00,  0.00,  2.68435E+08,  0.00,  0.00,  0.00,  0.00,  2.00,  7.00,  2.00,  1.00,  0.51719,  0.92534,  0.61921,  0.67698
50, 17, -0.09754,  0.50, -0.49039,  0.25098,  0.00,  0.00,  0.00,  0.00,  2.68435E+08,  0.00,  0.00,  0.00,  0.00,  2.00,  7.00,  2.00,  1.00,  0.51719,  0.92534,  0.61921,  0.67698
51, 18, -0.19134, -0.50, -0.46194,  0.28235,  1.00,  0.00,  0.00,  0.00,  2.68435E+08,  0.00,  0.00,  0.00,  0.00,  2.00,  7.00,  2.00,  1.00,  0.51719,  0.92534,  0.61921,  0.67698
52, 19, -0.19134,  0.50, -0.46194,  0.28235,  0.00,  0.00,  0.00,  0.00,  2.68435E+08,  0.00,  0.00,  0.00,  0.00,  2.00,  7.00,  2.00,  1.00,  0.51719,  0.92534,  0.61921,  0.67698
53, 17, -0.09754,  0.50, -0.49039,  0.25098,  0.00,  0.00,  0.00,  0.00,  2.68435E+08,  0.00,  0.00,  0.00,  0.00,  2.00,  7.00,  2.00,  1.00,  0.51719,  0.92534,  0.61921,  0.67698
54, 18, -0.19134, -0.50, -0.46194,  0.28235,  1.00,  0.00,  0.00,  0.00,  2.68435E+08,  0.00,  0.00,  0.00,  0.00,  2.00,  7.00,  2.00,  1.00,  0.51719,  0.92534,  0.61921,  0.67698
55, 20, -0.27778, -0.50, -0.41573,  0.31373,  1.00,  0.00,  0.00,  0.00,  2.68435E+08,  0.00,  0.00,  0.00,  0.00,  2.00,  7.00,  2.00,  1.00,  0.51719,  0.92534,  0.61921,  0.67698
56, 19, -0.19134,  0.50, -0.46194,  0.28235,  0.00,  0.00,  0.00,  0.00,  2.68435E+08,  0.00,  0.00,  0.00,  0.00,  2.00,  7.00,  2.00,  1.00,  0.51719,  0.92534,  0.61921,  0.67698
57, 20, -0.27778, -0.50, -0.41573,  0.31373,  1.00,  0.00,  0.00,  0.00,  2.68435E+08,  0.00,  0.00,  0.00,  0.00,  2.00,  7.00,  2.00,  1.00,  0.51719,  0.92534,  0.61921,  0.67698
58, 21, -0.27778,  0.50, -0.41573,  0.31373,  0.00,  0.00,  0.00,  0.00,  2.68435E+08,  0.00,  0.00,  0.00,  0.00,  2.00,  7.00,  2.00,  1.00,  0.51719,  0.92534,  0.61921,  0.67698
59, 19, -0.19134,  0.50, -0.46194,  0.28235,  0.00,  0.00,  0.00,  0.00,  2.68435E+08,  0.00,  0.00,  0.00,  0.00,  2.00,  7.00,  2.00,  1.00,  0.51719,  0.92534,  0.61921,  0.67698
60, 20, -0.27778, -0.50, -0.41573,  0.31373,  1.00,  0.00,  0.00,  0.00,  2.68435E+08,  0.00,  0.00,  0.00,  0.00,  2.00,  7.00,  2.00,  1.00,  0.51719,  0.92534,  0.61921,  0.67698
61, 22, -0.35355, -0.50, -0.35355,  0.3451,  1.00,  0.00,  0.00,  0.00,  2.68435E+08,  0.00,  0.00,  0.00,  0.00,  2.00,  7.00,  2.00,  1.00,  0.51719,  0.92534,  0.61921,  0.67698
62, 21, -0.27778,  0.50, -0.41573,  0.31373,  0.00,  0.00,  0.00,  0.00,  2.68435E+08,  0.00,  0.00,  0.00,  0.00,  2.00,  7.00,  2.00,  1.00,  0.51719,  0.92534,  0.61921,  0.67698
63, 22, -0.35355, -0.50, -0.35355,  0.3451,  1.00,  0.00,  0.00,  0.00,  2.68435E+08,  0.00,  0.00,  0.00,  0.00,  2.00,  7.00,  2.00,  1.00,  0.51719,  0.92534,  0.61921,  0.67698
64, 23, -0.35355,  0.50, -0.35355,  0.3451,  0.00,  0.00,  0.00,  0.00,  2.68435E+08,  0.00,  0.00,  0.00,  0.00,  2.00,  7.00,  2.00,  1.00,  0.51719,  0.92534,  0.61921,  0.67698
65, 21, -0.27778,  0.50, -0.41573,  0.31373,  0.00,  0.00,  0.00,  0.00,  2.68435E+08,  0.00,  0.00,  0.00,  0.00,  2.00,  7.00,  2.00,  1.00,  0.51719,  0.92534,  0.61921,  0.67698
66, 22, -0.35355, -0.50, -0.35355,  0.3451,  1.00,  0.00,  0.00,  0.00,  2.68435E+08,  0.00,  0.00,  0.00,  0.00,  2.00,  7.00,  2.00,  1.00,  0.51719,  0.92534,  0.61921,  0.67698
67, 24, -0.41573, -0.50, -0.27779,  0.37647,  1.00,  0.00,  0.00,  0.00,  2.68435E+08,  0.00,  0.00,  0.00,  0.00,  2.00,  7.00,  2.00,  1.00,  0.51719,  0.92534,  0.61921,  0.67698
68, 23, -0.35355,  0.50, -0.35355,  0.3451,  0.00,  0.00,  0.00,  0.00,  2.68435E+08,  0.00,  0.00,  0.00,  0.00,  2.00,  7.00,  2.00,  1.00,  0.51719,  0.92534,  0.61921,  0.67698
69, 24, -0.41573, -0.50, -0.27779,  0.37647,  1.00,  0.00,  0.00,  0.00,  2.68435E+08,  0.00,  0.00,  0.00,  0.00,  2.00,  7.00,  2.00,  1.00,  0.51719,  0.92534,  0.61921,  0.67698
70, 25, -0.41573,  0.50, -0.27779,  0.37647,  0.00,  0.00,  0.00,  0.00,  2.68435E+08,  0.00,  0.00,  0.00,  0.00,  2.00,  7.00,  2.00,  1.00,  0.51719,  0.92534,  0.61921,  0.67698
71, 23, -0.35355,  0.50, -0.35355,  0.3451,  0.00,  0.00,  0.00,  0.00,  2.68435E+08,  0.00,  0.00,  0.00,  0.00,  2.00,  7.00,  2.00,  1.00,  0.51719,  0.92534,  0.61921,  0.67698
72, 24, -0.41573, -0.50, -0.27779,  0.37647,  1.00,  0.00,  0.00,  0.00,  2.68435E+08,  0.00,  0.00,  0.00,  0.00,  2.00,  7.00,  2.00,  1.00,  0.51719,  0.92534,  0.61921,  0.67698
73, 26, -0.46194, -0.50, -0.19134,  0.40784,  1.00,  0.00,  0.00,  0.00,  2.68435E+08,  0.00,  0.00,  0.00,  0.00,  2.00,  7.00,  2.00,  1.00,  0.51719,  0.92534,  0.61921,  0.67698
74, 25, -0.41573,  0.50, -0.27779,  0.37647,  0.00,  0.00,  0.00,  0.00,  2.68435E+08,  0.00,  0.00,  0.00,  0.00,  2.00,  7.00,  2.00,  1.00,  0.51719,  0.92534,  0.61921,  0.67698
75, 26, -0.46194, -0.50, -0.19134,  0.40784,  1.00,  0.00,  0.00,  0.00,  2.68435E+08,  0.00,  0.00,  0.00,  0.00,  2.00,  7.00,  2.00,  1.00,  0.51719,  0.92534,  0.61921,  0.67698
76, 27, -0.46194,  0.50, -0.19134,  0.40784,  0.00,  0.00,  0.00,  0.00,  2.68435E+08,  0.00,  0.00,  0.00,  0.00,  2.00,  7.00,  2.00,  1.00,  0.51719,  0.92534,  0.61921,  0.67698
77, 25, -0.41573,  0.50, -0.27779,  0.37647,  0.00,  0.00,  0.00,  0.00,  2.68435E+08,  0.00,  0.00,  0.00,  0.00,  2.00,  7.00,  2.00,  1.00,  0.51719,  0.92534,  0.61921,  0.67698
78, 26, -0.46194, -0.50, -0.19134,  0.40784,  1.00,  0.00,  0.00,  0.00,  2.68435E+08,  0.00,  0.00,  0.00,  0.00,  2.00,  7.00,  2.00,  1.00,  0.51719,  0.92534,  0.61921,  0.67698
79, 28, -0.49039, -0.50, -0.09755,  0.43922,  1.00,  0.00,  0.00,  0.00,  2.68435E+08,  0.00,  0.00,  0.00,  0.00,  2.00,  7.00,  2.00,  1.00,  0.51719,  0.92534,  0.61921,  0.67698
80, 27, -0.46194,  0.50, -0.19134,  0.40784,  0.00,  0.00,  0.00,  0.00,  2.68435E+08,  0.00,  0.00,  0.00,  0.00,  2.00,  7.00,  2.00,  1.00,  0.51719,  0.92534,  0.61921,  0.67698
81, 28, -0.49039, -0.50, -0.09755,  0.43922,  1.00,  0.00,  0.00,  0.00,  2.68435E+08,  0.00,  0.00,  0.00,  0.00,  2.00,  7.00,  2.00,  1.00,  0.51719,  0.92534,  0.61921,  0.67698
82, 29, -0.49039,  0.50, -0.09755,  0.43922,  0.00,  0.00,  0.00,  0.00,  2.68435E+08,  0.00,  0.00,  0.00,  0.00,  2.00,  7.00,  2.00,  1.00,  0.51719,  0.92534,  0.61921,  0.67698
83, 27, -0.46194,  0.50, -0.19134,  0.40784,  0.00,  0.00,  0.00,  0.00,  2.68435E+08,  0.00,  0.00,  0.00,  0.00,  2.00,  7.00,  2.00,  1.00,  0.51719,  0.92534,  0.61921,  0.67698
84, 28, -0.49039, -0.50, -0.09755,  0.43922,  1.00,  0.00,  0.00,  0.00,  2.68435E+08,  0.00,  0.00,  0.00,  0.00,  2.00,  7.00,  2.00,  1.00,  0.51719,  0.92534,  0.61921,  0.67698
85, 30, -0.50, -0.50,  0.00,  0.47059,  1.00,  0.00,  0.00,  0.00,  2.68435E+08,  0.00,  0.00,  0.00,  0.00,  2.00,  7.00,  2.00,  1.00,  0.51719,  0.92534,  0.61921,  0.67698
86, 29, -0.49039,  0.50, -0.09755,  0.43922,  0.00,  0.00,  0.00,  0.00,  2.68435E+08,  0.00,  0.00,  0.00,  0.00,  2.00,  7.00,  2.00,  1.00,  0.51719,  0.92534,  0.61921,  0.67698
87, 30, -0.50, -0.50,  0.00,  0.47059,  1.00,  0.00,  0.00,  0.00,  2.68435E+08,  0.00,  0.00,  0.00,  0.00,  2.00,  7.00,  2.00,  1.00,  0.51719,  0.92534,  0.61921,  0.67698
88, 31, -0.50,  0.50,  0.00,  0.47059,  0.00,  0.00,  0.00,  0.00,  2.68435E+08,  0.00,  0.00,  0.00,  0.00,  2.00,  7.00,  2.00,  1.00,  0.51719,  0.92534,  0.61921,  0.67698
89, 29, -0.49039,  0.50, -0.09755,  0.43922,  0.00,  0.00,  0.00,  0.00,  2.68435E+08,  0.00,  0.00,  0.00,  0.00,  2.00,  7.00,  2.00,  1.00,  0.51719,  0.92534,  0.61921,  0.67698
90, 30, -0.50, -0.50,  0.00,  0.47059,  1.00,  0.00,  0.00,  0.00,  2.68435E+08,  0.00,  0.00,  0.00,  0.00,  2.00,  7.00,  2.00,  1.00,  0.51719,  0.92534,  0.61921,  0.67698
91, 32, -0.49039, -0.50,  0.09754,  0.50196,  1.00,  0.00,  0.00,  0.00,  2.68435E+08,  0.00,  0.00,  0.00,  0.00,  2.00,  7.00,  2.00,  1.00,  0.51719,  0.92534,  0.61921,  0.67698
92, 31, -0.50,  0.50,  0.00,  0.47059,  0.00,  0.00,  0.00,  0.00,  2.68435E+08,  0.00,  0.00,  0.00,  0.00,  2.00,  7.00,  2.00,  1.00,  0.51719,  0.92534,  0.61921,  0.67698
93, 32, -0.49039, -0.50,  0.09754,  0.50196,  1.00,  0.00,  0.00,  0.00,  2.68435E+08,  0.00,  0.00,  0.00,  0.00,  2.00,  7.00,  2.00,  1.00,  0.51719,  0.92534,  0.61921,  0.67698
94, 33, -0.49039,  0.50,  0.09754,  0.50196,  0.00,  0.00,  0.00,  0.00,  2.68435E+08,  0.00,  0.00,  0.00,  0.00,  2.00,  7.00,  2.00,  1.00,  0.51719,  0.92534,  0.61921,  0.67698
95, 31, -0.50,  0.50,  0.00,  0.47059,  0.00,  0.00,  0.00,  0.00,  2.68435E+08,  0.00,  0.00,  0.00,  0.00,  2.00,  7.00,  2.00,  1.00,  0.51719,  0.92534,  0.61921,  0.67698
96, 32, -0.49039, -0.50,  0.09754,  0.50196,  1.00,  0.00,  0.00,  0.00,  2.68435E+08,  0.00,  0.00,  0.00,  0.00,  2.00,  7.00,  2.00,  1.00,  0.51719,  0.92534,  0.61921,  0.67698
97, 34, -0.46194, -0.50,  0.19134,  0.52941,  1.00,  0.00,  0.00,  0.00,  2.68435E+08,  0.00,  0.00,  0.00,  0.00,  2.00,  7.00,  2.00,  1.00,  0.51719,  0.92534,  0.61921,  0.67698
98, 33, -0.49039,  0.50,  0.09754,  0.50196,  0.00,  0.00,  0.00,  0.00,  2.68435E+08,  0.00,  0.00,  0.00,  0.00,  2.00,  7.00,  2.00,  1.00,  0.51719,  0.92534,  0.61921,  0.67698
99, 34, -0.46194, -0.50,  0.19134,  0.52941,  1.00,  0.00,  0.00,  0.00,  2.68435E+08,  0.00,  0.00,  0.00,  0.00,  2.00,  7.00,  2.00,  1.00,  0.51719,  0.92534,  0.61921,  0.67698
100, 35, -0.46194,  0.50,  0.19134,  0.52941,  0.00,  0.00,  0.00,  0.00,  2.68435E+08,  0.00,  0.00,  0.00,  0.00,  2.00,  7.00,  2.00,  1.00,  0.51719,  0.92534,  0.61921,  0.67698
101, 33, -0.49039,  0.50,  0.09754,  0.50196,  0.00,  0.00,  0.00,  0.00,  2.68435E+08,  0.00,  0.00,  0.00,  0.00,  2.00,  7.00,  2.00,  1.00,  0.51719,  0.92534,  0.61921,  0.67698
102, 34, -0.46194, -0.50,  0.19134,  0.52941,  1.00,  0.00,  0.00,  0.00,  2.68435E+08,  0.00,  0.00,  0.00,  0.00,  2.00,  7.00,  2.00,  1.00,  0.51719,  0.92534,  0.61921,  0.67698
103, 36, -0.41573, -0.50,  0.27778,  0.56078,  1.00,  0.00,  0.00,  0.00,  2.68435E+08,  0.00,  0.00,  0.00,  0.00,  2.00,  7.00,  2.00,  1.00,  0.51719,  0.92534,  0.61921,  0.67698
104, 35, -0.46194,  0.50,  0.19134,  0.52941,  0.00,  0.00,  0.00,  0.00,  2.68435E+08,  0.00,  0.00,  0.00,  0.00,  2.00,  7.00,  2.00,  1.00,  0.51719,  0.92534,  0.61921,  0.67698
105, 36, -0.41573, -0.50,  0.27778,  0.56078,  1.00,  0.00,  0.00,  0.00,  2.68435E+08,  0.00,  0.00,  0.00,  0.00,  2.00,  7.00,  2.00,  1.00,  0.51719,  0.92534,  0.61921,  0.67698
106, 37, -0.41573,  0.50,  0.27778,  0.56078,  0.00,  0.00,  0.00,  0.00,  2.68435E+08,  0.00,  0.00,  0.00,  0.00,  2.00,  7.00,  2.00,  1.00,  0.51719,  0.92534,  0.61921,  0.67698
107, 35, -0.46194,  0.50,  0.19134,  0.52941,  0.00,  0.00,  0.00,  0.00,  2.68435E+08,  0.00,  0.00,  0.00,  0.00,  2.00,  7.00,  2.00,  1.00,  0.51719,  0.92534,  0.61921,  0.67698
108, 36, -0.41573, -0.50,  0.27778,  0.56078,  1.00,  0.00,  0.00,  0.00,  2.68435E+08,  0.00,  0.00,  0.00,  0.00,  2.00,  7.00,  2.00,  1.00,  0.51719,  0.92534,  0.61921,  0.67698
109, 38, -0.35355, -0.50,  0.35355,  0.59216,  1.00,  0.00,  0.00,  0.00,  2.68435E+08,  0.00,  0.00,  0.00,  0.00,  2.00,  7.00,  2.00,  1.00,  0.51719,  0.92534,  0.61921,  0.67698
110, 37, -0.41573,  0.50,  0.27778,  0.56078,  0.00,  0.00,  0.00,  0.00,  2.68435E+08,  0.00,  0.00,  0.00,  0.00,  2.00,  7.00,  2.00,  1.00,  0.51719,  0.92534,  0.61921,  0.67698
111, 38, -0.35355, -0.50,  0.35355,  0.59216,  1.00,  0.00,  0.00,  0.00,  2.68435E+08,  0.00,  0.00,  0.00,  0.00,  2.00,  7.00,  2.00,  1.00,  0.51719,  0.92534,  0.61921,  0.67698
112, 39, -0.35355,  0.50,  0.35355,  0.59216,  0.00,  0.00,  0.00,  0.00,  2.68435E+08,  0.00,  0.00,  0.00,  0.00,  2.00,  7.00,  2.00,  1.00,  0.51719,  0.92534,  0.61921,  0.67698
113, 37, -0.41573,  0.50,  0.27778,  0.56078,  0.00,  0.00,  0.00,  0.00,  2.68435E+08,  0.00,  0.00,  0.00,  0.00,  2.00,  7.00,  2.00,  1.00,  0.51719,  0.92534,  0.61921,  0.67698
114, 38, -0.35355, -0.50,  0.35355,  0.59216,  1.00,  0.00,  0.00,  0.00,  2.68435E+08,  0.00,  0.00,  0.00,  0.00,  2.00,  7.00,  2.00,  1.00,  0.51719,  0.92534,  0.61921,  0.67698
115, 40, -0.27779, -0.50,  0.41573,  0.62353,  1.00,  0.00,  0.00,  0.00,  2.68435E+08,  0.00,  0.00,  0.00,  0.00,  2.00,  7.00,  2.00,  1.00,  0.51719,  0.92534,  0.61921,  0.67698
116, 39, -0.35355,  0.50,  0.35355,  0.59216,  0.00,  0.00,  0.00,  0.00,  2.68435E+08,  0.00,  0.00,  0.00,  0.00,  2.00,  7.00,  2.00,  1.00,  0.51719,  0.92534,  0.61921,  0.67698
117, 40, -0.27779, -0.50,  0.41573,  0.62353,  1.00,  0.00,  0.00,  0.00,  2.68435E+08,  0.00,  0.00,  0.00,  0.00,  2.00,  7.00,  2.00,  1.00,  0.51719,  0.92534,  0.61921,  0.67698
118, 41, -0.27779,  0.50,  0.41573,  0.62353,  0.00,  0.00,  0.00,  0.00,  2.68435E+08,  0.00,  0.00,  0.00,  0.00,  2.00,  7.00,  2.00,  1.00,  0.51719,  0.92534,  0.61921,  0.67698
119, 39, -0.35355,  0.50,  0.35355,  0.59216,  0.00,  0.00,  0.00,  0.00,  2.68435E+08,  0.00,  0.00,  0.00,  0.00,  2.00,  7.00,  2.00,  1.00,  0.51719,  0.92534,  0.61921,  0.67698
120, 40, -0.27779, -0.50,  0.41573,  0.62353,  1.00,  0.00,  0.00,  0.00,  2.68435E+08,  0.00,  0.00,  0.00,  0.00,  2.00,  7.00,  2.00,  1.00,  0.51719,  0.92534,  0.61921,  0.67698
121, 42, -0.19134, -0.50,  0.46194,  0.6549,  1.00,  0.00,  0.00,  0.00,  2.68435E+08,  0.00,  0.00,  0.00,  0.00,  2.00,  7.00,  2.00,  1.00,  0.51719,  0.92534,  0.61921,  0.67698
122, 41, -0.27779,  0.50,  0.41573,  0.62353,  0.00,  0.00,  0.00,  0.00,  2.68435E+08,  0.00,  0.00,  0.00,  0.00,  2.00,  7.00,  2.00,  1.00,  0.51719,  0.92534,  0.61921,  0.67698
123, 42, -0.19134, -0.50,  0.46194,  0.6549,  1.00,  0.00,  0.00,  0.00,  2.68435E+08,  0.00,  0.00,  0.00,  0.00,  2.00,  7.00,  2.00,  1.00,  0.51719,  0.92534,  0.61921,  0.67698
124, 43, -0.19134,  0.50,  0.46194,  0.6549,  0.00,  0.00,  0.00,  0.00,  2.68435E+08,  0.00,  0.00,  0.00,  0.00,  2.00,  7.00,  2.00,  1.00,  0.51719,  0.92534,  0.61921,  0.67698
125, 41, -0.27779,  0.50,  0.41573,  0.62353,  0.00,  0.00,  0.00,  0.00,  2.68435E+08,  0.00,  0.00,  0.00,  0.00,  2.00,  7.00,  2.00,  1.00,  0.51719,  0.92534,  0.61921,  0.67698
126, 42, -0.19134, -0.50,  0.46194,  0.6549,  1.00,  0.00,  0.00,  0.00,  2.68435E+08,  0.00,  0.00,  0.00,  0.00,  2.00,  7.00,  2.00,  1.00,  0.51719,  0.92534,  0.61921,  0.67698
127, 44, -0.09755, -0.50,  0.49039,  0.68627,  1.00,  0.00,  0.00,  0.00,  2.68435E+08,  0.00,  0.00,  0.00,  0.00,  2.00,  7.00,  2.00,  1.00,  0.51719,  0.92534,  0.61921,  0.67698
128, 43, -0.19134,  0.50,  0.46194,  0.6549,  0.00,  0.00,  0.00,  0.00,  2.68435E+08,  0.00,  0.00,  0.00,  0.00,  2.00,  7.00,  2.00,  1.00,  0.51719,  0.92534,  0.61921,  0.67698
129, 44, -0.09755, -0.50,  0.49039,  0.68627,  1.00,  0.00,  0.00,  0.00,  2.68435E+08,  0.00,  0.00,  0.00,  0.00,  2.00,  7.00,  2.00,  1.00,  0.51719,  0.92534,  0.61921,  0.67698
130, 45, -0.09755,  0.50,  0.49039,  0.68627,  0.00,  0.00,  0.00,  0.00,  2.68435E+08,  0.00,  0.00,  0.00,  0.00,  2.00,  7.00,  2.00,  1.00,  0.51719,  0.92534,  0.61921,  0.67698
131, 43, -0.19134,  0.50,  0.46194,  0.6549,  0.00,  0.00,  0.00,  0.00,  2.68435E+08,  0.00,  0.00,  0.00,  0.00,  2.00,  7.00,  2.00,  1.00,  0.51719,  0.92534,  0.61921,  0.67698
132, 44, -0.09755, -0.50,  0.49039,  0.68627,  1.00,  0.00,  0.00,  0.00,  2.68435E+08,  0.00,  0.00,  0.00,  0.00,  2.00,  7.00,  2.00,  1.00,  0.51719,  0.92534,  0.61921,  0.67698
133, 46,  0.00, -0.50,  0.50,  0.71765,  1.00,  0.00,  0.00,  0.00,  2.68435E+08,  0.00,  0.00,  0.00,  0.00,  2.00,  7.00,  2.00,  1.00,  0.51719,  0.92534,  0.61921,  0.67698
134, 45, -0.09755,  0.50,  0.49039,  0.68627,  0.00,  0.00,  0.00,  0.00,  2.68435E+08,  0.00,  0.00,  0.00,  0.00,  2.00,  7.00,  2.00,  1.00,  0.51719,  0.92534,  0.61921,  0.67698
135, 46,  0.00, -0.50,  0.50,  0.71765,  1.00,  0.00,  0.00,  0.00,  2.68435E+08,  0.00,  0.00,  0.00,  0.00,  2.00,  7.00,  2.00,  1.00,  0.51719,  0.92534,  0.61921,  0.67698
136, 47,  0.00,  0.50,  0.50,  0.71765,  0.00,  0.00,  0.00,  0.00,  2.68435E+08,  0.00,  0.00,  0.00,  0.00,  2.00,  7.00,  2.00,  1.00,  0.51719,  0.92534,  0.61921,  0.67698
137, 45, -0.09755,  0.50,  0.49039,  0.68627,  0.00,  0.00,  0.00,  0.00,  2.68435E+08,  0.00,  0.00,  0.00,  0.00,  2.00,  7.00,  2.00,  1.00,  0.51719,  0.92534,  0.61921,  0.67698
138, 46,  0.00, -0.50,  0.50,  0.71765,  1.00,  0.00,  0.00,  0.00,  2.68435E+08,  0.00,  0.00,  0.00,  0.00,  2.00,  7.00,  2.00,  1.00,  0.51719,  0.92534,  0.61921,  0.67698
139, 48,  0.09755, -0.50,  0.49039,  0.74902,  1.00,  0.00,  0.00,  0.00,  2.68435E+08,  0.00,  0.00,  0.00,  0.00,  2.00,  7.00,  2.00,  1.00,  0.51719,  0.92534,  0.61921,  0.67698
140, 47,  0.00,  0.50,  0.50,  0.71765,  0.00,  0.00,  0.00,  0.00,  2.68435E+08,  0.00,  0.00,  0.00,  0.00,  2.00,  7.00,  2.00,  1.00,  0.51719,  0.92534,  0.61921,  0.67698
141, 48,  0.09755, -0.50,  0.49039,  0.74902,  1.00,  0.00,  0.00,  0.00,  2.68435E+08,  0.00,  0.00,  0.00,  0.00,  2.00,  7.00,  2.00,  1.00,  0.51719,  0.92534,  0.61921,  0.67698
142, 49,  0.09755,  0.50,  0.49039,  0.74902,  0.00,  0.00,  0.00,  0.00,  2.68435E+08,  0.00,  0.00,  0.00,  0.00,  2.00,  7.00,  2.00,  1.00,  0.51719,  0.92534,  0.61921,  0.67698
143, 47,  0.00,  0.50,  0.50,  0.71765,  0.00,  0.00,  0.00,  0.00,  2.68435E+08,  0.00,  0.00,  0.00,  0.00,  2.00,  7.00,  2.00,  1.00,  0.51719,  0.92534,  0.61921,  0.67698
144, 48,  0.09755, -0.50,  0.49039,  0.74902,  1.00,  0.00,  0.00,  0.00,  2.68435E+08,  0.00,  0.00,  0.00,  0.00,  2.00,  7.00,  2.00,  1.00,  0.51719,  0.92534,  0.61921,  0.67698
145, 50,  0.19134, -0.50,  0.46194,  0.78039,  1.00,  0.00,  0.00,  0.00,  2.68435E+08,  0.00,  0.00,  0.00,  0.00,  2.00,  7.00,  2.00,  1.00,  0.51719,  0.92534,  0.61921,  0.67698
146, 49,  0.09755,  0.50,  0.49039,  0.74902,  0.00,  0.00,  0.00,  0.00,  2.68435E+08,  0.00,  0.00,  0.00,  0.00,  2.00,  7.00,  2.00,  1.00,  0.51719,  0.92534,  0.61921,  0.67698
147, 50,  0.19134, -0.50,  0.46194,  0.78039,  1.00,  0.00,  0.00,  0.00,  2.68435E+08,  0.00,  0.00,  0.00,  0.00,  2.00,  7.00,  2.00,  1.00,  0.51719,  0.92534,  0.61921,  0.67698
148, 51,  0.19134,  0.50,  0.46194,  0.78039,  0.00,  0.00,  0.00,  0.00,  2.68435E+08,  0.00,  0.00,  0.00,  0.00,  2.00,  7.00,  2.00,  1.00,  0.51719,  0.92534,  0.61921,  0.67698
149, 49,  0.09755,  0.50,  0.49039,  0.74902,  0.00,  0.00,  0.00,  0.00,  2.68435E+08,  0.00,  0.00,  0.00,  0.00,  2.00,  7.00,  2.00,  1.00,  0.51719,  0.92534,  0.61921,  0.67698
150, 50,  0.19134, -0.50,  0.46194,  0.78039,  1.00,  0.00,  0.00,  0.00,  2.68435E+08,  0.00,  0.00,  0.00,  0.00,  2.00,  7.00,  2.00,  1.00,  0.51719,  0.92534,  0.61921,  0.67698
151, 52,  0.27779, -0.50,  0.41573,  0.81176,  1.00,  0.00,  0.00,  0.00,  2.68435E+08,  0.00,  0.00,  0.00,  0.00,  2.00,  7.00,  2.00,  1.00,  0.51719,  0.92534,  0.61921,  0.67698
152, 51,  0.19134,  0.50,  0.46194,  0.78039,  0.00,  0.00,  0.00,  0.00,  2.68435E+08,  0.00,  0.00,  0.00,  0.00,  2.00,  7.00,  2.00,  1.00,  0.51719,  0.92534,  0.61921,  0.67698
153, 52,  0.27779, -0.50,  0.41573,  0.81176,  1.00,  0.00,  0.00,  0.00,  2.68435E+08,  0.00,  0.00,  0.00,  0.00,  2.00,  7.00,  2.00,  1.00,  0.51719,  0.92534,  0.61921,  0.67698
154, 53,  0.27779,  0.50,  0.41573,  0.81176,  0.00,  0.00,  0.00,  0.00,  2.68435E+08,  0.00,  0.00,  0.00,  0.00,  2.00,  7.00,  2.00,  1.00,  0.51719,  0.92534,  0.61921,  0.67698
155, 51,  0.19134,  0.50,  0.46194,  0.78039,  0.00,  0.00,  0.00,  0.00,  2.68435E+08,  0.00,  0.00,  0.00,  0.00,  2.00,  7.00,  2.00,  1.00,  0.51719,  0.92534,  0.61921,  0.67698
156, 52,  0.27779, -0.50,  0.41573,  0.81176,  1.00,  0.00,  0.00,  0.00,  2.68435E+08,  0.00,  0.00,  0.00,  0.00,  2.00,  7.00,  2.00,  1.00,  0.51719,  0.92534,  0.61921,  0.67698
157, 54,  0.35355, -0.50,  0.35355,  0.84314,  1.00,  0.00,  0.00,  0.00,  2.68435E+08,  0.00,  0.00,  0.00,  0.00,  2.00,  7.00,  2.00,  1.00,  0.51719,  0.92534,  0.61921,  0.67698
158, 53,  0.27779,  0.50,  0.41573,  0.81176,  0.00,  0.00,  0.00,  0.00,  2.68435E+08,  0.00,  0.00,  0.00,  0.00,  2.00,  7.00,  2.00,  1.00,  0.51719,  0.92534,  0.61921,  0.67698
159, 54,  0.35355, -0.50,  0.35355,  0.84314,  1.00,  0.00,  0.00,  0.00,  2.68435E+08,  0.00,  0.00,  0.00,  0.00,  2.00,  7.00,  2.00,  1.00,  0.51719,  0.92534,  0.61921,  0.67698
160, 55,  0.35355,  0.50,  0.35355,  0.84314,  0.00,  0.00,  0.00,  0.00,  2.68435E+08,  0.00,  0.00,  0.00,  0.00,  2.00,  7.00,  2.00,  1.00,  0.51719,  0.92534,  0.61921,  0.67698
161, 53,  0.27779,  0.50,  0.41573,  0.81176,  0.00,  0.00,  0.00,  0.00,  2.68435E+08,  0.00,  0.00,  0.00,  0.00,  2.00,  7.00,  2.00,  1.00,  0.51719,  0.92534,  0.61921,  0.67698
162, 54,  0.35355, -0.50,  0.35355,  0.84314,  1.00,  0.00,  0.00,  0.00,  2.68435E+08,  0.00,  0.00,  0.00,  0.00,  2.00,  7.00,  2.00,  1.00,  0.51719,  0.92534,  0.61921,  0.67698
163, 56,  0.41573, -0.50,  0.27779,  0.87451,  1.00,  0.00,  0.00,  0.00,  2.68435E+08,  0.00,  0.00,  0.00,  0.00,  2.00,  7.00,  2.00,  1.00,  0.51719,  0.92534,  0.61921,  0.67698
164, 55,  0.35355,  0.50,  0.35355,  0.84314,  0.00,  0.00,  0.00,  0.00,  2.68435E+08,  0.00,  0.00,  0.00,  0.00,  2.00,  7.00,  2.00,  1.00,  0.51719,  0.92534,  0.61921,  0.67698
165, 56,  0.41573, -0.50,  0.27779,  0.87451,  1.00,  0.00,  0.00,  0.00,  2.68435E+08,  0.00,  0.00,  0.00,  0.00,  2.00,  7.00,  2.00,  1.00,  0.51719,  0.92534,  0.61921,  0.67698
166, 57,  0.41573,  0.50,  0.27779,  0.87451,  0.00,  0.00,  0.00,  0.00,  2.68435E+08,  0.00,  0.00,  0.00,  0.00,  2.00,  7.00,  2.00,  1.00,  0.51719,  0.92534,  0.61921,  0.67698
167, 55,  0.35355,  0.50,  0.35355,  0.84314,  0.00,  0.00,  0.00,  0.00,  2.68435E+08,  0.00,  0.00,  0.00,  0.00,  2.00,  7.00,  2.00,  1.00,  0.51719,  0.92534,  0.61921,  0.67698
168, 56,  0.41573, -0.50,  0.27779,  0.87451,  1.00,  0.00,  0.00,  0.00,  2.68435E+08,  0.00,  0.00,  0.00,  0.00,  2.00,  7.00,  2.00,  1.00,  0.51719,  0.92534,  0.61921,  0.67698
169, 58,  0.46194, -0.50,  0.19134,  0.90588,  1.00,  0.00,  0.00,  0.00,  2.68435E+08,  0.00,  0.00,  0.00,  0.00,  2.00,  7.00,  2.00,  1.00,  0.51719,  0.92534,  0.61921,  0.67698
170, 57,  0.41573,  0.50,  0.27779,  0.87451,  0.00,  0.00,  0.00,  0.00,  2.68435E+08,  0.00,  0.00,  0.00,  0.00,  2.00,  7.00,  2.00,  1.00,  0.51719,  0.92534,  0.61921,  0.67698
171, 58,  0.46194, -0.50,  0.19134,  0.90588,  1.00,  0.00,  0.00,  0.00,  2.68435E+08,  0.00,  0.00,  0.00,  0.00,  2.00,  7.00,  2.00,  1.00,  0.51719,  0.92534,  0.61921,  0.67698
172, 59,  0.46194,  0.50,  0.19134,  0.90588,  0.00,  0.00,  0.00,  0.00,  2.68435E+08,  0.00,  0.00,  0.00,  0.00,  2.00,  7.00,  2.00,  1.00,  0.51719,  0.92534,  0.61921,  0.67698
173, 57,  0.41573,  0.50,  0.27779,  0.87451,  0.00,  0.00,  0.00,  0.00,  2.68435E+08,  0.00,  0.00,  0.00,  0.00,  2.00,  7.00,  2.00,  1.00,  0.51719,  0.92534,  0.61921,  0.67698
174, 58,  0.46194, -0.50,  0.19134,  0.90588,  1.00,  0.00,  0.00,  0.00,  2.68435E+08,  0.00,  0.00,  0.00,  0.00,  2.00,  7.00,  2.00,  1.00,  0.51719,  0.92534,  0.61921,  0.67698
175, 60,  0.49039, -0.50,  0.09755,  0.93725,  1.00,  0.00,  0.00,  0.00,  2.68435E+08,  0.00,  0.00,  0.00,  0.00,  2.00,  7.00,  2.00,  1.00,  0.51719,  0.92534,  0.61921,  0.67698
176, 59,  0.46194,  0.50,  0.19134,  0.90588,  0.00,  0.00,  0.00,  0.00,  2.68435E+08,  0.00,  0.00,  0.00,  0.00,  2.00,  7.00,  2.00,  1.00,  0.51719,  0.92534,  0.61921,  0.67698
177, 60,  0.49039, -0.50,  0.09755,  0.93725,  1.00,  0.00,  0.00,  0.00,  2.68435E+08,  0.00,  0.00,  0.00,  0.00,  2.00,  7.00,  2.00,  1.00,  0.51719,  0.92534,  0.61921,  0.67698
178, 61,  0.49039,  0.50,  0.09755,  0.93725,  0.00,  0.00,  0.00,  0.00,  2.68435E+08,  0.00,  0.00,  0.00,  0.00,  2.00,  7.00,  2.00,  1.00,  0.51719,  0.92534,  0.61921,  0.67698
179, 59,  0.46194,  0.50,  0.19134,  0.90588,  0.00,  0.00,  0.00,  0.00,  2.68435E+08,  0.00,  0.00,  0.00,  0.00,  2.00,  7.00,  2.00,  1.00,  0.51719,  0.92534,  0.61921,  0.67698
180, 60,  0.49039, -0.50,  0.09755,  0.93725,  1.00,  0.00,  0.00,  0.00,  2.68435E+08,  0.00,  0.00,  0.00,  0.00,  2.00,  7.00,  2.00,  1.00,  0.51719,  0.92534,  0.61921,  0.67698
181, 62,  0.50, -0.50,  0.00,  0.96863,  1.00,  0.00,  0.00,  0.00,  2.68435E+08,  0.00,  0.00,  0.00,  0.00,  2.00,  7.00,  2.00,  1.00,  0.51719,  0.92534,  0.61921,  0.67698
182, 61,  0.49039,  0.50,  0.09755,  0.93725,  0.00,  0.00,  0.00,  0.00,  2.68435E+08,  0.00,  0.00,  0.00,  0.00,  2.00,  7.00,  2.00,  1.00,  0.51719,  0.92534,  0.61921,  0.67698
183, 62,  0.50, -0.50,  0.00,  0.96863,  1.00,  0.00,  0.00,  0.00,  2.68435E+08,  0.00,  0.00,  0.00,  0.00,  2.00,  7.00,  2.00,  1.00,  0.51719,  0.92534,  0.61921,  0.67698
184, 63,  0.50,  0.50,  0.00,  0.96863,  0.00,  0.00,  0.00,  0.00,  2.68435E+08,  0.00,  0.00,  0.00,  0.00,  2.00,  7.00,  2.00,  1.00,  0.51719,  0.92534,  0.61921,  0.67698
185, 61,  0.49039,  0.50,  0.09755,  0.93725,  0.00,  0.00,  0.00,  0.00,  2.68435E+08,  0.00,  0.00,  0.00,  0.00,  2.00,  7.00,  2.00,  1.00,  0.51719,  0.92534,  0.61921,  0.67698
186, 62,  0.50, -0.50,  0.00,  0.96863,  1.00,  0.00,  0.00,  0.00,  2.68435E+08,  0.00,  0.00,  0.00,  0.00,  2.00,  7.00,  2.00,  1.00,  0.51719,  0.92534,  0.61921,  0.67698
187, 64,  0.49039, -0.50, -0.09754,  1.00,  1.00,  0.00,  0.00,  0.00,  2.68435E+08,  0.00,  0.00,  0.00,  0.00,  2.00,  7.00,  2.00,  1.00,  0.51719,  0.92534,  0.61921,  0.67698
188, 63,  0.50,  0.50,  0.00,  0.96863,  0.00,  0.00,  0.00,  0.00,  2.68435E+08,  0.00,  0.00,  0.00,  0.00,  2.00,  7.00,  2.00,  1.00,  0.51719,  0.92534,  0.61921,  0.67698
189, 64,  0.49039, -0.50, -0.09754,  1.00,  1.00,  0.00,  0.00,  0.00,  2.68435E+08,  0.00,  0.00,  0.00,  0.00,  2.00,  7.00,  2.00,  1.00,  0.51719,  0.92534,  0.61921,  0.67698
190, 65,  0.49039,  0.50, -0.09754,  1.00,  0.00,  0.00,  0.00,  0.00,  2.68435E+08,  0.00,  0.00,  0.00,  0.00,  2.00,  7.00,  2.00,  1.00,  0.51719,  0.92534,  0.61921,  0.67698
191, 63,  0.50,  0.50,  0.00,  0.96863,  0.00,  0.00,  0.00,  0.00,  2.68435E+08,  0.00,  0.00,  0.00,  0.00,  2.00,  7.00,  2.00,  1.00,  0.51719,  0.92534,  0.61921,  0.67698
